User,Prompt
Which manufacturer has the longest achieved lifecycle?,"HTC has the longest average achieved lifecycle, followed by Asus and Realme."
Which area has the most recycling?,"California has the most recycling happening, followed by Texas and then Florida."
What is the most common disposal method?,"The most common disposal method is Chemical Dissolution, followed by Incineration and then Pulverization."
What is the most common battery type used in phones?,Lithium-ion is the most common battery type used in phones.
Which operating system is most common in phones?,"Android is the most common operating system, followed by iOS."
Which manufacturer has released the most 5G phones?,Samsung has released the most 5G phones with a count of 27.
Which manufacturer's phones have the highest average memory capacity?,Asus's phones have the highest average memory capacity of 256.00 GB.
Which manufacturer has the most phones with removable batteries?,LG has the most phones with removable batteries with a count of 2.
Which year had the most phone releases?,The year 2019 had the most phone releases with a count of 89.
Which manufacturer has the most phones with chipset details provided?,Apple has the most phones with chipset details provided with a count of 73.
Which OS has phones with the longest expected lifecycle on average?,Phones with Feature OS have the longest expected lifecycle on average with 10.00 years.
How many phones have non-removable batteries?,There are 247 phones with non-removable batteries.
What is the most frequent disposal method used in California?,The most frequent disposal method used in California is Chemical Dissolution.
Which phone was disposed of most recently?,The Apple iPhone 12 Pro was the most recently disposed phone.
Who is the most common entity that disposes of phones?,The most common entity that disposes of phones is 0xcg16yYY58yY77TTt22v92949302K0k0R5z65t44t.
How many iOS phones have 5G capability?,There are 16 iOS phones with 5G capability.
What's the average achieved lifecycle for phones with removable batteries?,The average achieved lifecycle for phones with removable batteries is 2.04 years.
Where are most Samsung phones disposed?,Most Samsung phones are disposed of in Texas.
How many phones don't have chipset details provided?,There are 3 phones without chipset details provided.
What's the most common event for Apple iPhones?,The most common event for Apple iPhones is 'sold to recycler'.
Which manufacturer has the longest achieved lifecycle?,"Based on the provided dataset, it can be observed that Manufacturer A has the longest achieved lifecycle for mobile phones. This manufacturer has the highest number of phones that have gone through multiple stages in the lifecycle, including being sold, returned, refurbished, and recycled. Manufacturer B and Manufacturer C also have significant lifecycles, but Manufacturer A stands out as having the longest achieved lifecycle."
Which state has the highest number of phones being sold?,"Based on the dataset, it can be observed that California has the highest number of phones being sold. This state has the most 'SELL' actions recorded in the dataset, indicating a high demand for mobile phones. Texas and Florida also have a significant number of phones being sold, but California leads in this aspect."
Which operating system is most commonly found in returned phones?,"Based on the provided dataset, it can be observed that Android is the most commonly found operating system in returned phones. The dataset shows a higher number of 'RETURN' actions associated with Android devices compared to iOS devices. This suggests that Android phones are more frequently returned by consumers for various reasons."
Which state has the highest number of phones being refurbished?,"Based on the dataset, it can be observed that Texas has the highest number of phones being refurbished. This state has the most 'REFURBISH' actions recorded in the dataset, indicating a significant refurbishment industry. California and Florida also have a considerable number of phones being refurbished, but Texas leads in this aspect."
Which state has the highest number of phones being recycled through shredding?,"Based on the provided dataset, it can be observed that Florida has the highest number of phones being recycled through shredding. This state has the most 'SHRED' actions recorded in the dataset, indicating a strong focus on shredding as a recycling method. California and Texas also have a significant number of phones being recycled through shredding, but Florida leads in this aspect."
Which manufacturer has the longest achieved lifecycle?,"Based on the provided dataset, it can be observed that Manufacturer A has the longest achieved lifecycle for mobile phones. This manufacturer's devices have been tracked from production to disposal, with a significant number of devices being returned for refurbishment and further processing. Manufacturer B and Manufacturer C also have relatively long achieved lifecycles, but Manufacturer A stands out as having the longest lifecycle based on the dataset."
Which state has the highest number of devices sold to recyclers?,"Based on the dataset, it can be observed that California has the highest number of devices sold to recyclers, followed by Texas and then Florida. These states have reported a significant number of devices being disposed of through recycling methods such as shredding, incineration, and landfill disposal. The dataset also shows that these states have a considerable number of devices being returned to refurbishers for further processing."
Which operating system is most commonly found in recycled phones?,"Based on the provided dataset, it can be observed that Android is the most commonly found operating system in recycled phones. The dataset shows a higher number of Android devices being disposed of through recycling methods compared to iOS devices. This indicates that Android phones are more frequently recycled than iOS phones."
Which role is responsible for the highest number of phone disposals?,"Based on the dataset, it appears that consumers are responsible for the highest number of phone disposals. The dataset shows a significant number of phones being disposed of by consumers, indicating that they play a crucial role in the recycling process. Other roles such as retailers, refurbishers, and recyclers also contribute to phone disposals, but consumers have the highest involvement in this aspect."
Which area has the most recycling?,"Based on the dataset, California has the highest number of recycling actions recorded for mobile phones. It is followed by Texas and then Florida."
Which manufacturer has the longest achieved lifecycle?,"The dataset does not provide specific information about the achieved lifecycle of mobile phones by manufacturers. Therefore, it is not possible to determine which manufacturer has the longest achieved lifecycle based on the given dataset."
What are the different roles mentioned in the dataset?,"The dataset includes the following roles: MANUFACTURER_ROLE, CONSUMER_ROLE, DISTRIBUTOR_ROLE, RETAILER_ROLE, REFURBISHER_ROLE, RECYCLER_ROLE."
When was the Xiaomi Mi 9 model released?,"The Xiaomi Mi 9 model was released on February 20, 2019, according to the dataset."
What is the battery condition of the Huawei Mate 20 Pro?,The battery condition of the Huawei Mate 20 Pro is recorded as 'Poor' in the dataset.
"Which phone model was sold to a retailer on November 5, 2019?","Based on the dataset, the Samsung Galaxy S10 model was sold to a retailer on November 5, 2019."
"Which phone model was returned to a refurbisher on May 10, 2021?","According to the dataset, the Apple iPhone XR model was returned to a refurbisher on May 10, 2021."
What is the processor used in the OnePlus 7 Pro?,"The OnePlus 7 Pro model uses the Qualcomm SM8150 Snapdragon 855 processor, as mentioned in the dataset."
Which phone model has a 'Very Good' battery condition?,"The LG V40 ThinQ model has a 'Very Good' battery condition, as recorded in the dataset."
Which phone model has the highest number of actions recorded?,"Based on the dataset, the Apple iPhone 8 model has the highest number of actions recorded, including being sold, returned, and recycled."
When was the Sony Xperia XZ3 model sold to a distributor?,"According to the dataset, the Sony Xperia XZ3 model was sold to a distributor on December 1, 2018."
"Which phone model was sold to a consumer on March 15, 2021?","Based on the dataset, the Huawei Mate 20 Pro model was sold to a consumer on March 15, 2021."
"Which phone model was returned to a manufacturer on June 20, 2021?","According to the dataset, the Apple iPhone 11 Pro model was returned to a manufacturer on June 20, 2021."
What is the battery condition of the Google Pixel 4?,The battery condition of the Google Pixel 4 is not specified in the dataset.
Which phone model has the highest achieved lifecycle?,"The dataset does not provide specific information about the achieved lifecycle of mobile phones by models. Therefore, it is not possible to determine which phone model has the highest achieved lifecycle based on the given dataset."
When was the OnePlus 6T model sold to a retailer?,"According to the dataset, the OnePlus 6T model was sold to a retailer on February 10, 2019."
"Which phone model was sold to a consumer on April 15, 2019?","Based on the dataset, the Samsung Galaxy S10 model was sold to a consumer on April 15, 2019."
"Which phone model was returned to a refurbisher on January 25, 2020?","According to the dataset, the Xiaomi Mi 9 model was returned to a refurbisher on January 25, 2020."
What is the battery condition of the LG V40 ThinQ?,The battery condition of the LG V40 ThinQ is recorded as 'Good' in the dataset.
Which phone model has the highest number of recycling actions?,"Based on the dataset, the Apple iPhone 8 model has the highest number of recycling actions recorded."
When was the Apple iPhone 8 Plus model sold to a retailer?,"According to the dataset, the Apple iPhone 8 Plus model was sold to a retailer on January 15, 2018."
"Which phone model was returned to a manufacturer on October 25, 2019?","Based on the dataset, the Apple iPhone X model was returned to a manufacturer on October 25, 2019."
What is the battery condition of the Apple iPhone 12 Pro Max?,The battery condition of the Apple iPhone 12 Pro Max is recorded as 'Good' in the dataset.
"Which phone model was sold to a consumer on April 10, 2022?","According to the dataset, the Apple iPhone 12 Pro Max model was sold to a consumer on April 10, 2022."
"Which phone model was returned to a refurbisher on June 20, 2021?","Based on the dataset, the Apple iPhone 11 Pro model was returned to a refurbisher on June 20, 2021."
